,year,temp_glob,pred_temp_glob_rfr,temp_hem_N,pred_temp_hem_N_rfr,temp_hem_S,pred_temp_hem_S_rfr,temp_24N_44N,pred_temp_24N_44N_rfr,temp_24S_EQU,pred_temp_24S_EQU_rfr,temp_EQU_24N,pred_temp_EQU_24N_rfr,temp_90S_64S,pred_temp_90S_64S_rfr,temp_44S_24S,pred_temp_44S_24S_rfr,temp_44N_64N,pred_temp_44N_64N_rfr,temp_64N_90N,pred_temp_64N_90N_rfr,pred_temp_glob_lin,pred_temp_hem_N_lin,pred_temp_hem_S_lin,pred_temp_24N_44N_lin,pred_temp_24S_EQU_lin,pred_temp_EQU_24N_lin,pred_temp_90S_64S_lin,pred_temp_44S_24S_lin,pred_temp_44N_64N_lin,pred_temp_64N_90N_lin
0,1880,-0.17,-0.15019999999999994,-0.29,-0.16910000000000008,-0.05000000000000001,-0.13179999999999994,-0.28,-0.13179999999999994,-0.11,-0.13179999999999994,-0.15,-0.13179999999999994,0.68,-0.13179999999999994,-0.04,-0.13179999999999994,-0.51,-0.13179999999999994,-0.79,-0.13179999999999994,-0.24636343122380921,-0.2424984963208452,-0.5852741065139497,-0.44311801838468057,-0.5882284841659065,-0.5260281872016428,-0.5975326160416365,-0.5945782383896798,-0.4696181181205503,-0.5963320207388882
1,1881,-0.09,-0.11499999999999994,-0.18,-0.15349999999999994,0.0,-0.12699999999999995,-0.19,-0.12699999999999995,0.1,-0.12699999999999995,0.09999999999999999,-0.12699999999999995,0.6,-0.12699999999999995,-0.06,-0.12699999999999995,-0.48000000000000004,-0.12699999999999995,-0.91,-0.12699999999999995,-0.2481586056069638,-0.24302967563293976,-0.5948261516126223,-0.44932587082975317,-0.5978957435400503,-0.5351908544067427,-0.6072673129199657,-0.6041977209925378,-0.4743004781833271,-0.6060144109730068
2,1882,-0.11,-0.12419999999999991,-0.21,-0.15469999999999987,-0.01,-0.12499999999999993,-0.14,-0.12499999999999993,-0.05,-0.12499999999999993,-0.049999999999999996,-0.12499999999999993,0.63,-0.12499999999999993,0.01,-0.12499999999999993,-0.29,-0.12499999999999993,-1.3999999999999997,-0.12499999999999993,-0.2502256792259594,-0.24402130727963822,-0.6043622353864464,-0.455967062768881,-0.6075469123810642,-0.5442019470305759,-0.6170020097982984,-0.6138173328036842,-0.47916345052912845,-0.6156948763459482
3,1883,-0.17,-0.18020000000000003,-0.28,-0.19770000000000004,-0.07,-0.12879999999999991,-0.24,-0.12879999999999991,-0.15,-0.12879999999999991,-0.17,-0.12879999999999991,0.5,-0.12879999999999991,-0.04,-0.12879999999999991,-0.57,-0.12879999999999991,-0.15,-0.12879999999999991,-0.25236422801642533,-0.24488271512486648,-0.6138862498903812,-0.46200127077623065,-0.6171827860423562,-0.5531498787294034,-0.6267367066766276,-0.6234401705246526,-0.4845679340259217,-0.6253737516231972
4,1884,-0.28,-0.23839999999999992,-0.43000000000000005,-0.2534999999999998,-0.15,-0.13559999999999992,-0.47000000000000003,-0.13559999999999992,-0.17,-0.13559999999999992,-0.12,-0.13559999999999992,0.65,-0.13559999999999992,-0.19,-0.13559999999999992,-0.65,-0.13559999999999992,-1.28,-0.13559999999999992,-0.25268984682635676,-0.2444761804552158,-0.6232996317069848,-0.46850498913568117,-0.6267632013988909,-0.5620860870776738,-0.6364714035549568,-0.6330078338630543,-0.48824609391962426,-0.6350532209871034
5,1885,-0.33,-0.30999999999999944,-0.43000000000000005,-0.2959999999999997,-0.24,-0.15419999999999992,-0.4600000000000001,-0.15419999999999992,-0.2,-0.15419999999999992,-0.06,-0.15419999999999992,0.82,-0.15419999999999992,-0.34,-0.15419999999999992,-0.69,-0.1519999999999999,-1.4799999999999998,-0.15419999999999992,-0.2528581982618583,-0.24351171291797868,-0.6327071644167468,-0.4743797510042711,-0.6363372956100761,-0.5709895955314259,-0.646206100433286,-0.6425759692399495,-0.49202749366877185,-0.6447331740133642
6,1886,-0.31,-0.3114999999999995,-0.43000000000000005,-0.2991999999999998,-0.20000000000000004,-0.15629999999999994,-0.4000000000000001,-0.15629999999999994,-0.18,-0.15629999999999994,-0.21,-0.15629999999999994,0.59,-0.15629999999999994,-0.2,-0.15629999999999994,-0.51,-0.15249999999999994,-1.5599999999999998,-0.15629999999999994,-0.25318132870620147,-0.24299017240464238,-0.6421098927420879,-0.4806423793524992,-0.6459223233191267,-0.5799091433547545,-0.6559407973116187,-0.6521283667345763,-0.4958553671689643,-0.654405674463284
7,1887,-0.36,-0.33079999999999965,-0.43000000000000005,-0.2897999999999999,-0.29,-0.15499999999999992,-0.29,-0.15499999999999992,-0.3,-0.15499999999999992,-0.29,-0.15499999999999992,0.32,-0.15499999999999992,-0.28,-0.15499999999999992,-0.52,-0.15119999999999992,-1.74,-0.15499999999999992,-0.2546358060407208,-0.24348047645703375,-0.6514801040699467,-0.48707867430641727,-0.6554821495488703,-0.5888178430445627,-0.6656754941899479,-0.6616734487110243,-0.5005299987426213,-0.664080442933269
8,1888,-0.17,-0.2338000000000002,-0.23,-0.24710000000000018,-0.12,-0.15359999999999993,-0.24,-0.15359999999999993,0.13,-0.15359999999999993,0.08,-0.15359999999999993,0.16,-0.15359999999999993,-0.31,-0.15359999999999993,-0.44,-0.15559999999999993,-1.27,-0.15359999999999993,-0.2583673720100954,-0.24593692881218487,-0.660835601660061,-0.4948457315783159,-0.6650486764771912,-0.5977145970723576,-0.675410191068277,-0.6711971162511468,-0.505853881355673,-0.6737532920106695
9,1889,-0.1,-0.2338000000000002,-0.17,-0.2395000000000002,-0.04,-0.15359999999999993,-0.27,-0.15359999999999993,0.14,-0.15359999999999993,0.02,-0.15359999999999993,0.45,-0.15359999999999993,-0.15,-0.15359999999999993,-0.23,-0.15719999999999992,-0.66,-0.15359999999999993,-0.2578405339751839,-0.24480918708124833,-0.6696120548619859,-0.49945599037812016,-0.6740029758881043,-0.6066783663719555,-0.6851448879466062,-0.6807539669204914,-0.5106817632491385,-0.6834277309218528
10,1890,-0.35,-0.24480000000000018,-0.38,-0.24090000000000003,-0.32,-0.15359999999999993,-0.26,-0.15359999999999993,-0.47,-0.15359999999999993,-0.26,-0.15359999999999993,0.15,-0.15359999999999993,-0.18,-0.15359999999999993,-0.57,-0.17999999999999997,-1.12,-0.15359999999999993,-0.2602980540511233,-0.2459566685385255,-0.6780848109197741,-0.5072671476424624,-0.6827889529345796,-0.6154872437516126,-0.694879584824939,-0.6901754428101299,-0.5147417570005466,-0.6930992746187172
11,1891,-0.22,-0.2839999999999999,-0.25,-0.24650000000000005,-0.19000000000000003,-0.15359999999999993,-0.36,-0.15359999999999993,-0.16,-0.15359999999999993,0.01,-0.15359999999999993,-0.15,-0.15359999999999993,-0.18,-0.15359999999999993,-0.35,-0.17909999999999993,-1.1,-0.15359999999999993,-0.26129762316703875,-0.2455051175989702,-0.6863249686799335,-0.5134639533906409,-0.6912831979879286,-0.6243123793758301,-0.7046142817032681,-0.6996560523952766,-0.518799876524799,-0.7027717534175011
12,1892,-0.27,-0.28809999999999986,-0.39,-0.24359999999999993,-0.15,-0.15359999999999993,-0.16999999999999998,-0.15359999999999993,-0.26,-0.15359999999999993,-0.33,-0.15359999999999993,0.09,-0.15359999999999993,0.02,-0.15359999999999993,-0.67,-0.18129999999999996,-1.11,-0.15359999999999993,-0.260165654771086,-0.24235465918670585,-0.6944851635357132,-0.5191485125904514,-0.6997411255743415,-0.6327840051794027,-0.7143489785815973,-0.709093016542969,-0.5210277445860605,-0.7124413325755796
13,1893,-0.31,-0.2862999999999998,-0.47,-0.23759999999999987,-0.15,-0.15359999999999993,-0.4600000000000001,-0.15359999999999993,-0.3,-0.15359999999999993,-0.42,-0.15359999999999993,-0.04,-0.15359999999999993,0.07,-0.15359999999999993,-0.55,-0.17989999999999995,-0.58,-0.15359999999999993,-0.2578641975042899,-0.2385588887000516,-0.7025927344818612,-0.5243176231166764,-0.7081324634149802,-0.6413624311892292,-0.7240836754599265,-0.7185439465268075,-0.5230175257611016,-0.7221123350128273
14,1894,-0.3,-0.2805000000000001,-0.38,-0.2261,-0.21,-0.15109999999999993,-0.18,-0.15109999999999993,-0.18,-0.15109999999999993,-0.48,-0.15109999999999993,-0.37,-0.15109999999999993,-0.15,-0.15109999999999993,-0.34,-0.1732999999999999,-0.88,-0.15109999999999993,-0.2578494017127184,-0.23693151070148488,-0.7107013455080775,-0.5285025131858347,-0.7164959381751785,-0.6498961346557799,-0.7338183723382592,-0.7280237796711617,-0.5282055478811856,-0.7317824319934552
15,1895,-0.22,-0.22819999999999993,-0.3,-0.19819999999999996,-0.15,-0.14929999999999993,-0.27,-0.14929999999999993,0.01,-0.14929999999999993,-0.14,-0.14929999999999993,-0.58,-0.14929999999999993,-0.2,-0.14929999999999993,-0.53,-0.17989999999999995,-0.64,-0.14929999999999993,-0.2590253642208573,-0.23657335312962502,-0.7187312354271178,-0.5355610864025202,-0.7248467128470679,-0.6584290096930197,-0.7435530692165884,-0.7374375917966312,-0.5317917546842175,-0.7414507099996293
16,1896,-0.11,-0.20129999999999995,-0.19,-0.1753,-0.03,-0.14929999999999993,-0.22,-0.14929999999999993,0.15,-0.14929999999999993,0.049999999999999996,-0.14929999999999993,0.26,-0.14929999999999993,-0.16,-0.14929999999999993,-0.38,-0.20559999999999992,-0.82,-0.14929999999999993,-0.25872561586227505,-0.23476390750516174,-0.7267295289605684,-0.5405805638407699,-0.7331812357705054,-0.6669931977560672,-0.7532877660949175,-0.746836059284977,-0.5359331441104658,-0.7511203000826079
17,1897,-0.11,-0.1593,-0.16,-0.16349999999999995,-0.05000000000000001,-0.14859999999999993,-0.24,-0.14859999999999993,0.21,-0.14859999999999993,0.14,-0.14859999999999993,0.41,-0.14859999999999993,-0.2,-0.14859999999999993,-0.47,-0.20489999999999992,-0.5,-0.14859999999999993,-0.25921440138111507,-0.23382431667715053,-0.7347468685084202,-0.5462535788519141,-0.7415519792572702,-0.6755279960625167,-0.7630224629732467,-0.7562173522243967,-0.5403158037172275,-0.760794326965236
18,1898,-0.27,-0.13040000000000002,-0.28,-0.1690999999999999,-0.26,-0.14309999999999992,-0.23000000000000004,-0.14309999999999992,-0.26,-0.14309999999999992,-0.17,-0.14309999999999992,0.38,-0.14309999999999992,-0.28,-0.14309999999999992,-0.25,-0.19689999999999996,-1.13,-0.14309999999999992,-0.26009254445351004,-0.23322692144982327,-0.7428116617127003,-0.5529044626818376,-0.7499345600769196,-0.6840816455397523,-0.7727571598515794,-0.7656342614873601,-0.5440547548614489,-0.7704575379215157
19,1899,-0.17,-0.10730000000000006,-0.19999999999999998,-0.1841999999999998,-0.14,-0.14309999999999992,-0.15,-0.14309999999999992,-0.07,-0.14309999999999992,-0.15,-0.14309999999999992,0.59,-0.14309999999999992,-0.16,-0.14309999999999992,-0.11,-0.20909999999999992,-1.0,-0.14309999999999992,-0.26316332375431273,-0.23500719443467943,-0.7507170950439033,-0.560648701538998,-0.7582450937436356,-0.6925424544320435,-0.7824918567299086,-0.7749638580301834,-0.549160773329799,-0.7801308353235683
20,1900,-0.08,-0.11500000000000007,-0.09,-0.20809999999999984,-0.06,-0.14309999999999992,-0.15,-0.14309999999999992,0.26,-0.14309999999999992,0.09,-0.14309999999999992,0.27,-0.14309999999999992,-0.29,-0.14309999999999992,-0.17,-0.2206999999999999,-0.51,-0.14309999999999992,-0.2634814390510911,-0.23395636011078125,-0.7584520051889179,-0.5669965075076107,-0.7665478136150696,-0.7008391960532023,-0.7922265536082378,-0.7841307451820896,-0.5530148883888586,-0.7897854289858266
21,1901,-0.15,-0.1548000000000001,-0.12,-0.2561999999999998,-0.18000000000000002,-0.14309999999999992,-0.15,-0.14309999999999992,-0.01,-0.14309999999999992,-0.06,-0.14309999999999992,0.26,-0.14309999999999992,-0.27,-0.14309999999999992,-0.11,-0.2230999999999999,-0.34,-0.14309999999999992,-0.2627770641454461,-0.23101141417073023,-0.7660965488078482,-0.5741157939322115,-0.7745660237860292,-0.7093479320391616,-0.801961250486567,-0.793491775508393,-0.5539930439124774,-0.7994383957465843
22,1902,-0.28,-0.2510000000000001,-0.33,-0.30510000000000004,-0.22,-0.1444999999999999,-0.32,-0.1444999999999999,-0.04,-0.1444999999999999,-0.01,-0.1444999999999999,-0.04,-0.1444999999999999,-0.28,-0.1444999999999999,-0.52,-0.24039999999999984,-1.49,-0.1444999999999999,-0.26105020625132624,-0.22709977956274585,-0.7735701275467548,-0.5805495916098202,-0.7824949672622665,-0.7176509492533789,-0.8116959473648997,-0.8027711076493809,-0.5548894054043529,-0.8090976753898929
23,1903,-0.37,-0.3557,-0.37,-0.3493000000000002,-0.36000000000000004,-0.1523999999999999,-0.56,-0.1592999999999999,-0.33,-0.1523999999999999,-0.23,-0.1523999999999999,-0.49,-0.1523999999999999,-0.35,-0.1523999999999999,-0.43,-0.2401999999999999,-0.20000000000000004,-0.1523999999999999,-0.2641297879579554,-0.22781394200675464,-0.7810876499153849,-0.5900436387095453,-0.7905165147294078,-0.7258681672604581,-0.8214306442432289,-0.8120017794292096,-0.5574341334392301,-0.8187599353272006
24,1904,-0.47,-0.42339999999999944,-0.48,-0.3893,-0.45,-0.1523999999999999,-0.55,-0.1551999999999999,-0.48,-0.1523999999999999,-0.43000000000000005,-0.1523999999999999,-1.32,-0.1523999999999999,-0.37,-0.1523999999999999,-0.61,-0.22419999999999987,-0.20000000000000004,-0.1523999999999999,-0.26093111535753977,-0.22231133017110594,-0.788541589896866,-0.5943409410258162,-0.7984880351176926,-0.7341011307140555,-0.831165341121558,-0.8212188959007314,-0.55894835584742,-0.8284169259484848
25,1905,-0.26,-0.30770000000000036,-0.28,-0.3529000000000002,-0.22,-0.1523999999999999,-0.62,-0.1987,-0.04,-0.1523999999999999,-0.09999999999999999,-0.1523999999999999,-0.34,-0.1523999999999999,-0.33,-0.1523999999999999,-0.24000000000000002,-0.22279999999999986,-0.01,-0.1523999999999999,-0.26212598485424365,-0.2207758017823913,-0.7960097900355443,-0.6028270991651645,-0.8064940928028115,-0.7423025008471065,-0.8409000379998872,-0.8304157352326165,-0.560271334265682,-0.8380749815041
26,1906,-0.22,-0.31010000000000043,-0.23,-0.3480000000000003,-0.20000000000000004,-0.1523999999999999,-0.39,-0.19379999999999994,-0.17,-0.1523999999999999,-0.19999999999999998,-0.1523999999999999,-0.72,-0.1523999999999999,-0.2,-0.1523999999999999,-0.08,-0.22359999999999988,-0.25,-0.1523999999999999,-0.26163268565107245,-0.21763231804669658,-0.8036430075212735,-0.6093427736561949,-0.8145103615295994,-0.7505549624402512,-0.85063473487822,-0.839767380869894,-0.5619077290453625,-0.8477310575395514
27,1907,-0.38,-0.38520000000000043,-0.47,-0.3728000000000003,-0.29,-0.1523999999999999,-0.52,-0.19269999999999995,-0.3,-0.1523999999999999,-0.3,-0.1523999999999999,-1.2,-0.1523999999999999,-0.21,-0.1523999999999999,-0.73,-0.21059999999999987,-0.54,-0.1523999999999999,-0.2698827539801165,-0.2226676695073273,-0.8111038024475228,-0.620497871885906,-0.8225342618825948,-0.7585090253131703,-0.8603694317565491,-0.8489389723214735,-0.567378031886161,-0.8573910356917338
28,1908,-0.42,-0.4181000000000006,-0.45,-0.3798000000000002,-0.4000000000000001,-0.1523999999999999,-0.52,-0.1861999999999999,-0.45,-0.1523999999999999,-0.4099999999999999,-0.1523999999999999,0.67,-0.1523999999999999,-0.29,-0.1523999999999999,-0.55,-0.20949999999999988,-0.18000000000000002,-0.1523999999999999,-0.2607311136661785,-0.21011020287524573,-0.8185095723367439,-0.6191555934997801,-0.8304771488875708,-0.7665631429326041,-0.8701041286348783,-0.8581365520840478,-0.5676433906462428,-0.8670604617012536
29,1909,-0.48,-0.4444999999999999,-0.48999999999999994,-0.3714,-0.47,-0.1523999999999999,-0.44,-0.1894999999999999,-0.51,-0.1523999999999999,-0.43000000000000005,-0.1523999999999999,-0.57,-0.1523999999999999,-0.37,-0.1523999999999999,-0.63,-0.2102999999999999,-0.69,-0.1523999999999999,-0.25990234668265444,-0.20610745457116408,-0.8257825950794633,-0.627446150692414,-0.838485278320718,-0.7745814149580177,-0.8798388255132075,-0.8671361422719528,-0.5668924557135142,-0.8767039097468405
30,1910,-0.43,-0.4243999999999998,-0.44,-0.3593,-0.43,-0.1523999999999999,-0.5,-0.19469999999999993,-0.49,-0.1523999999999999,-0.48,-0.1523999999999999,0.16,-0.1523999999999999,-0.33,-0.1523999999999999,-0.25,-0.2147999999999999,-0.56,-0.1523999999999999,-0.26013983421637477,-0.20440829309718467,-0.8331979019636577,-0.6351184295849812,-0.8462495178705574,-0.782494555700044,-0.8895735223915402,-0.8765219064846406,-0.569171721881137,-0.8863441531056395
31,1911,-0.44,-0.40199999999999975,-0.42,-0.3446999999999999,-0.46,-0.1528999999999999,-0.48,-0.2139999999999999,-0.43,-0.1528999999999999,-0.42,-0.1528999999999999,0.05,-0.1528999999999999,-0.44,-0.1528999999999999,-0.42,-0.22809999999999991,-0.23,-0.1528999999999999,-0.2573142438085334,-0.20210003532731946,-0.8403794203967436,-0.638381062327003,-0.8540511550805832,-0.7929300945838449,-0.8993082192698694,-0.8856364845860263,-0.5727084328355296,-0.8960051033905572
32,1912,-0.36,-0.35289999999999955,-0.46,-0.3347999999999997,-0.24,-0.1528999999999999,-0.51,-0.21479999999999994,-0.08,-0.1528999999999999,-0.27,-0.1528999999999999,-1.64,-0.1528999999999999,-0.36,-0.1528999999999999,-0.79,-0.21509999999999987,-0.47,-0.1528999999999999,-0.25844247754833205,-0.20178186591279257,-0.8475428957626363,-0.6461351094237493,-0.8618224574352951,-0.7995713801598505,-0.9090429161481985,-0.8947633544755362,-0.5775436888148242,-0.9056604359589677
33,1913,-0.34,-0.3265999999999998,-0.4099999999999999,-0.3281999999999997,-0.26,-0.1528999999999999,-0.51,-0.1981999999999999,-0.14,-0.1528999999999999,-0.38,-0.1528999999999999,-1.04,-0.1528999999999999,-0.28,-0.1528999999999999,-0.33,-0.21609999999999985,-0.44,-0.1528999999999999,-0.26364488620331983,-0.20537081353470654,-0.8546580166216451,-0.6528177194816784,-0.8695444625994959,-0.8080992207522328,-0.9187776130265277,-0.9038911670486804,-0.5854698379042382,-0.9153168744761402
34,1914,-0.15,-0.20479999999999976,-0.18,-0.26289999999999963,-0.10000000000000002,-0.14959999999999993,-0.29,-0.20579999999999996,-0.01,-0.14959999999999993,-0.09999999999999999,-0.14959999999999993,-0.37,-0.14959999999999993,-0.15,-0.14959999999999993,-0.16,-0.20689999999999986,-0.31,-0.14959999999999993,-0.2468473245966365,-0.19062569184415068,-0.8616030136134363,-0.6519344953633777,-0.8772000382951042,-0.8164039205744835,-0.9285123099048604,-0.912915285223189,-0.5828959156576019,-0.9249282899632583
35,1915,-0.13,-0.188,-0.13,-0.2148999999999998,-0.13,-0.14959999999999993,-0.19,-0.21219999999999992,-0.01,-0.14959999999999993,0.0,-0.14959999999999993,-1.99,-0.14959999999999993,-0.15,-0.14959999999999993,-0.17,-0.20689999999999986,-0.55,-0.14959999999999993,-0.24067509439783663,-0.18431784692229058,-0.8683780649148289,-0.656624463728182,-0.8848674500519529,-0.8248587127081741,-0.9382470067831896,-0.9217576216460657,-0.5830285263184614,-0.9345471645170456
36,1916,-0.35,-0.3107999999999996,-0.4099999999999999,-0.32469999999999966,-0.3,-0.14959999999999993,-0.24,-0.20419999999999988,-0.4,-0.14959999999999993,-0.48,-0.14959999999999993,-1.05,-0.14959999999999993,-0.23,-0.14959999999999993,-0.55,-0.20629999999999987,-0.46,-0.14959999999999993,-0.24544039014018182,-0.1892708095110791,-0.8753549553735276,-0.6659362089374525,-0.8925874021452778,-0.8333022949949864,-0.9479817036615188,-0.9307492568897793,-0.5897910702900155,-0.9441863462731845
37,1917,-0.45,-0.3947000000000002,-0.57,-0.3545,-0.36000000000000004,-0.14959999999999993,-0.43,-0.20329999999999993,-0.58,-0.14959999999999993,-0.67,-0.14959999999999993,0.06,-0.14959999999999993,-0.23,-0.14959999999999993,-0.5,-0.20629999999999987,-0.7600000000000001,-0.14959999999999993,-0.24646400044762728,-0.19084352250933634,-0.8822970856509116,-0.6750953904584165,-0.9002683585041815,-0.8419756355382546,-0.957716400539848,-0.9397451276865851,-0.5931044253553139,-0.9538172727768917
38,1918,-0.29,-0.3188999999999995,-0.39999999999999997,-0.3219999999999996,-0.20000000000000004,-0.14959999999999993,-0.3499999999999999,-0.2042999999999999,-0.28,-0.14959999999999993,-0.39,-0.14959999999999993,-0.28,-0.14959999999999993,-0.06,-0.14959999999999993,-0.28,-0.21689999999999995,-0.98,-0.14959999999999993,-0.2398365391674524,-0.18293567167158997,-0.8892277128404302,-0.6806157996543014,-0.907905394620748,-0.8505721135256401,-0.9674510974181807,-0.9487734156378629,-0.5906539888662827,-0.9634470618799043
39,1919,-0.27,-0.2514999999999997,-0.35,-0.25269999999999987,-0.20000000000000004,-0.14959999999999993,-0.3,-0.19659999999999989,-0.16,-0.14959999999999993,-0.23,-0.14959999999999993,0.19,-0.14959999999999993,-0.14,-0.14959999999999993,-0.56,-0.21779999999999994,-0.67,-0.14959999999999993,-0.21807622641858515,-0.15912236596619778,-0.8962070677961762,-0.6737351099438307,-0.9156237354696195,-0.8592822947215346,-0.9771857942965099,-0.9577691266230701,-0.5845784256085089,-0.9730839185818461
40,1920,-0.27,-0.2675999999999997,-0.3,-0.2733999999999997,-0.24,-0.14959999999999993,-0.3499999999999999,-0.18749999999999992,-0.12,-0.14959999999999993,-0.38,-0.14959999999999993,-1.15,-0.14959999999999993,-0.19,-0.14959999999999993,-0.21,-0.22929999999999995,0.0,-0.14959999999999993,-0.23067466040378548,-0.17139118285021482,-0.903145758246314,-0.6862629180901791,-0.9231827806807082,-0.8677020482108304,-0.986920491174839,-0.9668834687404448,-0.5954713164419267,-0.9827163736317956
41,1921,-0.19,-0.21200000000000008,-0.11,-0.2385,-0.26,-0.15039999999999992,-0.09,-0.18759999999999993,-0.21,-0.15039999999999992,-0.28,-0.15039999999999992,-0.84,-0.15039999999999992,-0.23,-0.15039999999999992,0.17,-0.23569999999999997,0.01,-0.15039999999999992,-0.20941773457172985,-0.14968047934097584,-0.9095882809457692,-0.6777394642750458,-0.9306626482436471,-0.8754242865459041,-0.9966551880531682,-0.9755808207552938,-0.5941276156794153,-0.9923546770001224
42,1922,-0.28,-0.25970000000000026,-0.27,-0.2187,-0.29,-0.15039999999999992,-0.13,-0.18749999999999992,-0.31,-0.15039999999999992,-0.32,-0.15039999999999992,-0.28,-0.15039999999999992,-0.24,-0.15039999999999992,-0.4,-0.2379,-0.26,-0.15039999999999992,-0.20926571984272613,-0.14951145963571122,-0.9160632208141948,-0.6821297328981721,-0.9381557334469264,-0.8820090475892037,-1.006389884931501,-0.9842973722987693,-0.6025387805655029,-1.0020035533773353
43,1923,-0.26,-0.2590000000000002,-0.22,-0.19659999999999986,-0.31,-0.15039999999999992,-0.26,-0.19539999999999988,-0.27,-0.15039999999999992,-0.32,-0.15039999999999992,-0.55,-0.15039999999999992,-0.26,-0.15039999999999992,-0.15,-0.24199999999999997,0.22,-0.15039999999999992,-0.21933000144611725,-0.15882225926057103,-0.9228789219452445,-0.7031279607622452,-0.9457082276933377,-0.888252501847667,-1.0161245818098301,-0.9932952760617368,-0.6041497458204184,-1.011665796259738
44,1924,-0.27,-0.24239999999999984,-0.18,-0.19919999999999988,-0.3499999999999999,-0.15039999999999992,-0.23000000000000004,-0.1888999999999999,-0.24,-0.15039999999999992,-0.27,-0.15039999999999992,-0.53,-0.15039999999999992,-0.4,-0.15039999999999992,-0.25,-0.24230000000000002,0.55,-0.15039999999999992,-0.21341587944925422,-0.15194999111346874,-0.9296408721747369,-0.6996363379857193,-0.9532198837730341,-0.8948041621586107,-1.0258592786881593,-1.0022802670898585,-0.6137737343104632,-1.021313592723157
45,1925,-0.22,-0.1884999999999998,-0.14,-0.18939999999999985,-0.3,-0.15039999999999992,-0.19,-0.1978999999999999,-0.2,-0.15039999999999992,-0.28,-0.15039999999999992,-0.86,-0.15039999999999992,-0.24,-0.15039999999999992,0.17,-0.24259999999999998,-0.04,-0.15039999999999992,-0.20833992060933326,-0.14616122036194312,-0.9361626295401351,-0.7051278949161635,-0.9606880683413159,-0.9009994445850289,-1.0355939755664885,-1.0110685367653005,-0.6158598357442457,-1.0309559718159598
46,1926,-0.11,-0.1645999999999998,0.01,-0.18449999999999986,-0.21,-0.1497999999999999,-0.23000000000000004,-0.2168999999999999,0.03,-0.1497999999999999,-0.01,-0.1497999999999999,-0.64,-0.1497999999999999,-0.35,-0.1497999999999999,0.15,-0.24209999999999998,0.58,-0.1497999999999999,-0.19940447963719166,-0.13714553993474965,-0.9425440112939967,-0.7140149509366331,-0.9680661169373508,-0.9071287000574415,-1.0453286724448212,-1.019806566801467,-0.6113853935951994,-1.0406025126799392
47,1927,-0.22,-0.2084999999999998,-0.14,-0.21149999999999988,-0.29,-0.1497999999999999,-0.13,-0.21679999999999988,-0.17,-0.1497999999999999,-0.15,-0.1497999999999999,-1.39,-0.1497999999999999,-0.3,-0.1497999999999999,-0.22,-0.23579999999999998,0.04,-0.1497999999999999,-0.20507511086595542,-0.1424761790082094,-0.9489486263982769,-0.7164061642782045,-0.9754320508099639,-0.9132196174898759,-1.0550633693231504,-1.0285799449114634,-0.627734166240959,-1.0503063389686176
48,1928,-0.2,-0.20219999999999974,-0.11,-0.2103999999999999,-0.29,-0.1497999999999999,-0.23000000000000004,-0.21679999999999988,-0.15,-0.1497999999999999,-0.15,-0.1497999999999999,-2.13,-0.1497999999999999,-0.29,-0.1497999999999999,-0.18,-0.23579999999999998,0.67,-0.1497999999999999,-0.1975677823478641,-0.13459396772480048,-0.9548627111734902,-0.7186695633397129,-0.9825384724100168,-0.9196076656343557,-1.0647980662014795,-1.037122304964953,-0.6307315127035764,-1.0599794246515977
49,1929,-0.36,-0.2701999999999998,-0.34,-0.2305999999999998,-0.38000000000000006,-0.1497999999999999,-0.39,-0.22519999999999993,-0.28,-0.1497999999999999,-0.28,-0.1497999999999999,-1.08,-0.1497999999999999,-0.43,-0.1497999999999999,-0.62,-0.23989999999999997,0.12,-0.1497999999999999,-0.20121414256053782,-0.1374215238273564,-0.9610081248315367,-0.7272264169558049,-0.9897773368631988,-0.9258122075591579,-1.0745327630798087,-1.0457635510481502,-0.6383251632836284,-1.0696560252681842
50,1930,-0.16,-0.1832,-0.02,-0.17709999999999998,-0.29,-0.1479999999999999,-0.11,-0.20619999999999986,-0.12,-0.1479999999999999,-0.09999999999999999,-0.1479999999999999,-2.6,-0.1479999999999999,-0.33,-0.1479999999999999,0.04,-0.24479999999999996,0.51,-0.1479999999999999,-0.18123640497170257,-0.11704421849077917,-0.9671300904493165,-0.7224354345403263,-0.996937061292062,-0.9313956594324395,-1.0842674599581414,-1.0544604891153995,-0.6367130771025131,-1.0793024272899245
51,1931,-0.09,-0.19309999999999994,0.049999999999999996,-0.1776999999999999,-0.21,-0.14819999999999992,-0.14,-0.2036999999999999,0.06,-0.14819999999999992,0.09999999999999999,-0.14819999999999992,-0.42,-0.14819999999999992,-0.42,-0.14819999999999992,-0.04,-0.24509999999999998,0.57,-0.14819999999999992,-0.1588086585169286,-0.09367768189653702,-0.9731057182205234,-0.7162127742448092,-1.0040219694928787,-0.936719901498563,-1.0940021568364706,-1.0630859055641189,-0.6337534894885692,-1.0889979871740074
52,1932,-0.16,-0.19210000000000005,-0.06,-0.17179999999999992,-0.25,-0.14819999999999992,-0.22,-0.2101999999999999,-0.13,-0.14819999999999992,-0.19,-0.14819999999999992,-0.99,-0.14819999999999992,-0.21,-0.14819999999999992,0.19,-0.24789999999999995,0.46,-0.14819999999999992,-0.1389028560651191,-0.07251546673969855,-0.979480697224961,-0.7117951406702936,-1.0112471972267727,-0.942284153016157,-1.1037368537147998,-1.0719703537129845,-0.6309650941641181,-1.0986816400335293
53,1933,-0.29,-0.25639999999999963,-0.26,-0.15949999999999995,-0.32,-0.14859999999999993,-0.13,-0.2038999999999999,-0.28,-0.14859999999999993,-0.29,-0.14859999999999993,-1.15,-0.14859999999999993,-0.22,-0.14859999999999993,-0.47,-0.24479999999999993,-0.15,-0.14859999999999993,-0.1379435693747162,-0.06958373848319965,-0.98620772699703,-0.7201946328896085,-1.0185296554869865,-0.9476645000923263,-1.113471550593129,-1.0811496221031796,-0.6337634048094607,-1.1083758524711875
54,1934,-0.13,-0.16120000000000012,0.0,-0.12489999999999998,-0.25,-0.14959999999999993,-0.13,-0.1978999999999999,-0.24,-0.14959999999999993,-0.26,-0.14959999999999993,-0.57,-0.14959999999999993,-0.16,-0.14959999999999993,0.31,-0.24119999999999994,0.89,-0.14959999999999993,-0.1412157850712319,-0.07151333909206059,-0.9929506333638827,-0.729054930858414,-1.025726005014917,-0.9534959021813236,-1.1232062474714617,-1.0904308758204273,-0.6404891685407073,-1.1180920799260043
55,1935,-0.2,-0.15590000000000012,-0.09,-0.10770000000000002,-0.3,-0.14789999999999992,-0.16999999999999998,-0.19649999999999995,-0.2,-0.14789999999999992,-0.16,-0.14789999999999992,-1.72,-0.14789999999999992,-0.31,-0.14789999999999992,-0.05,-0.23639999999999997,0.33,-0.14789999999999992,-0.140102929165014,-0.0687058854665068,-0.9997259843427067,-0.7364435576431987,-1.0329734988081505,-0.959143852466088,-1.1329409443497909,-1.0996934298843506,-0.6441735351441054,-1.1277677732624944
56,1936,-0.15,-0.0658,-0.03,-0.042399999999999986,-0.26,-0.14299999999999993,-0.26,-0.19699999999999995,-0.21,-0.14299999999999993,-0.04,-0.14299999999999993,-0.04,-0.14299999999999993,-0.27,-0.14299999999999993,0.11,-0.2472999999999999,0.41,-0.14299999999999993,-0.14562773399172713,-0.07255984308034513,-1.0071642595214527,-0.7484671598206951,-1.0408573377150496,-0.9643636649806844,-1.14267564122812,-1.1089825630345267,-0.6502468844721356,-1.1375090574911937
57,1937,-0.03,-0.025399999999999992,0.12,-0.009300000000000008,-0.17,-0.13929999999999992,-0.03,-0.1998999999999999,-0.11,-0.13929999999999992,0.01,-0.13929999999999992,0.36,-0.13929999999999992,-0.19,-0.13929999999999992,0.030000000000000002,-0.23919999999999983,1.23,-0.13929999999999992,-0.1478111155239965,-0.07232555877430968,-1.0142660398086214,-0.7563107256827557,-1.0484255563246414,-0.9704468365174321,-1.1524103381064492,-1.1182508215904292,-0.6555344544289454,-1.1472645564645312
58,1938,0.0,-0.021300000000000003,0.16,-0.001200000000000003,-0.18000000000000002,-0.13929999999999992,0.02,-0.1846,-0.27,-0.13929999999999992,-0.17,-0.13929999999999992,-0.87,-0.13929999999999992,-0.06,-0.13929999999999992,0.39,-0.23499999999999985,1.5200000000000002,-0.13929999999999992,-0.12937768048476173,-0.05181322595770865,-1.020980681007746,-0.7505483316938779,-1.0557611076444822,-0.9756469862395676,-1.162145034984782,-1.1273646083480457,-0.6551239261092441,-1.1569290868693685
59,1939,-0.02,-0.0039000000000000102,0.08,0.013199999999999991,-0.13,-0.13949999999999993,0.08,-0.19169999999999995,-0.13,-0.13949999999999993,-0.12,-0.13949999999999993,-1.61,-0.13949999999999993,-0.04,-0.13949999999999993,0.28,-0.22809999999999986,0.56,-0.13949999999999993,-0.12992447603428658,-0.04990601496915659,-1.027897246874904,-0.7613191925097631,-1.0631098236124465,-0.9812770723101494,-1.1718797318631111,-1.136667155125572,-0.656353396180883,-1.166595549557698
60,1940,0.12,0.10089999999999993,0.17,0.05169999999999996,0.09000000000000001,-0.13949999999999993,-0.10000000000000002,-0.20559999999999992,0.3,-0.13949999999999993,0.26,-0.13949999999999993,-0.06,-0.13949999999999993,0.03,-0.13949999999999993,-0.02,-0.22699999999999992,0.9899999999999999,-0.13949999999999993,-0.13568818822070483,-0.05714100792000565,-1.034170382272034,-0.7747144678434026,-1.0701103339737905,-0.9860985167494292,-1.1816144287414403,-1.145674477039691,-0.6649761681225748,-1.17619514142892
61,1941,0.18,0.1380999999999999,0.22,0.0444,0.17,-0.1368999999999999,0.08,-0.2155,0.44,-0.1368999999999999,0.54,-0.1368999999999999,-0.47,-0.1368999999999999,0.03,-0.1368999999999999,-0.09,-0.2244,0.02,-0.1368999999999999,-0.1306717690478152,-0.055480380471347956,-1.0405520338370664,-0.785598707842869,-1.0769247888200688,-0.9904939724706203,-1.1913491256197695,-1.154976370636767,-0.6675104365909448,-1.1859246404262223
62,1942,0.06,0.08729999999999988,0.12,0.08379999999999992,0.01,-0.1368999999999999,0.05000000000000001,-0.2236,0.04,-0.1368999999999999,0.11,-0.1368999999999999,-0.9,-0.1368999999999999,0.06,-0.1368999999999999,-0.060000000000000005,-0.2174999999999999,0.73,-0.1368999999999999,-0.12086683693677358,-0.05266739062508208,-1.046452071814091,-0.7950792344894104,-1.0832050490005223,-1.0047756624543709,-1.2010838224981022,-1.164330845311671,-0.6604615701233172,-1.195602391052283
63,1943,0.09,0.0917999999999999,0.18,0.08499999999999991,-0.01,-0.1368999999999999,0.10000000000000002,-0.2256,-0.06,-0.1368999999999999,-0.11,-0.1368999999999999,1.13,-0.1368999999999999,0.07,-0.1368999999999999,0.28,-0.2136999999999999,1.43,-0.1368999999999999,-0.11466215994803264,-0.03766157538105119,-1.0531672926694426,-0.7986849728815208,-1.090514005330931,-1.0046688862703732,-1.2108185193764314,-1.173471806714943,-0.6614248797807676,-1.20533839457768
64,1944,0.2,0.051099999999999944,0.27,0.06609999999999991,0.14,-0.1368999999999999,0.09,-0.22779999999999997,0.27,-0.1368999999999999,0.11,-0.1368999999999999,-0.96,-0.1368999999999999,0.18,-0.1368999999999999,0.47,-0.2136999999999999,1.18,-0.1368999999999999,-0.10815693530184589,-0.03523893708491599,-1.059276223970361,-0.8083101833775928,-1.0970243490431812,-1.009376664710814,-1.2205532162547605,-1.1828050911819368,-0.6642258624680757,-1.2149858752927223
65,1945,0.09,0.02200000000000001,0.11,-0.05610000000000002,0.09000000000000001,-0.1368999999999999,0.03,-0.23349999999999999,0.24,-0.1368999999999999,0.09999999999999999,-0.1368999999999999,-1.79,-0.1368999999999999,0.03,-0.1368999999999999,-0.02,-0.20199999999999987,0.65,-0.1368999999999999,-0.06754921139295789,0.005242314635875545,-1.0643686750908437,-0.8044568383558293,-1.1027643969639662,-1.0115197213619105,-1.2302879131330897,-1.1918921912599671,-0.6450418015421668,-1.224603063503487
66,1946,-0.07,-0.0017,0.03,0.011599999999999997,-0.17,-0.1368999999999999,0.16,-0.23349999999999999,-0.07,-0.1368999999999999,-0.02,-0.1368999999999999,-0.19,-0.1368999999999999,-0.22,-0.1368999999999999,-0.05,-0.2067999999999999,-0.03,-0.1368999999999999,-0.07332219460955969,-0.0058139034773923015,-1.0716807771083907,-0.8039832930280895,-1.110542395507487,-1.0205896837637525,-1.2400226100114224,-1.2011609916123227,-0.6669105765641774,-1.2343981801556367
67,1947,-0.03,-0.030299999999999952,0.08,-0.004699999999999999,-0.13,-0.1368999999999999,0.04,-0.22759999999999997,-0.09,-0.1368999999999999,-0.03,-0.1368999999999999,-0.23,-0.1368999999999999,-0.19,-0.1368999999999999,-0.13,-0.2157999999999999,1.08,-0.1368999999999999,-0.08271612371562043,-0.011964530562135423,-1.0767753643022893,-0.8180669968236494,-1.1161245453722408,-1.0157108630368796,-1.2497573068897516,-1.2104081258197965,-0.6832848051430709,-1.2441737862277868
68,1948,-0.11,-0.07870000000000012,-0.02,-0.038799999999999966,-0.20000000000000004,-0.13779999999999992,0.0,-0.22920000000000001,-0.14,-0.13779999999999992,-0.23,-0.13779999999999992,-1.39,-0.13779999999999992,-0.19,-0.13779999999999992,0.32,-0.21539999999999992,0.12,-0.13779999999999992,-0.08356747526627828,-0.014432425506889501,-1.0832309585264106,-0.8243401861503799,-1.1229131431463344,-1.0188086815568411,-1.2594920037680808,-1.2198098191481535,-0.6957806302018241,-1.2539789389020832
69,1949,-0.11,-0.05690000000000007,-0.03,-0.053000000000000054,-0.19000000000000003,-0.13779999999999992,0.04,-0.2242,-0.15,-0.13779999999999992,-0.23,-0.13779999999999992,-1.99,-0.13779999999999992,-0.17,-0.13779999999999992,0.17,-0.20849999999999994,0.20000000000000004,-0.13779999999999992,-0.0645163443384078,0.0004680881250713753,-1.0892690091502644,-0.8111578889137263,-1.129459185870985,-1.0227455817685467,-1.26922670064641,-1.2290365239256857,-0.7097697798520315,-1.2635387632798505
70,1950,-0.17,-0.12860000000000002,-0.15,-0.11280000000000003,-0.21,-0.13779999999999992,0.04,-0.22870000000000001,-0.28,-0.13779999999999992,-0.3,-0.13779999999999992,-0.87,-0.13779999999999992,-0.06,-0.13779999999999992,-0.3,-0.20679999999999993,0.18000000000000002,-0.13779999999999992,-0.07860733195344594,-0.008838795717082348,-1.092616675362553,-0.8281823689044998,-1.1326871167335604,-1.0235810936682341,-1.2789613975247427,-1.2388909561537282,-0.7206733965164815,-1.2732861292020914
71,1951,-0.07,-0.06980000000000007,0.04,-0.07460000000000006,-0.18000000000000002,-0.13779999999999992,0.12,-0.2322,-0.12,-0.13779999999999992,0.0,-0.13779999999999992,-0.7,-0.13779999999999992,-0.22,-0.13779999999999992,0.01,-0.20819999999999997,0.08,-0.13779999999999992,-0.08029138116896561,-0.009729464453144487,-1.096064853476559,-0.8346380966315614,-1.136731330192184,-1.0240249450520196,-1.2886960944030719,-1.2480296176874468,-0.7341360698655457,-1.2830186361132334
72,1952,0.01,-0.027500000000000052,0.06,-0.06300000000000003,-0.04,-0.13779999999999992,0.18,-0.2322,0.04,-0.13779999999999992,-0.01,-0.15039999999999995,-0.52,-0.13779999999999992,-0.1,-0.13779999999999992,-0.09,-0.22210000000000002,0.27,-0.13779999999999992,-0.0674655038476395,0.004288136509803309,-1.0994041715653111,-0.8348828862394946,-1.1409782520602576,-1.0230457975196217,-1.298430791281401,-1.2568567107864546,-0.7403459860627848,-1.2927295675124881
73,1953,0.08,-0.05730000000000004,0.24,-0.09720000000000012,-0.07,-0.13779999999999992,0.14,-0.23119999999999993,0.07,-0.13779999999999992,0.08,-0.15459999999999996,-1.12,-0.13779999999999992,-0.08,-0.13779999999999992,0.35,-0.22649999999999992,1.03,-0.13779999999999992,-0.05751360147874962,0.015646948974492147,-1.1019215186266749,-0.8394917935586115,-1.144924074059709,-1.0212080278272957,-1.3081654881597302,-1.265162932726696,-0.7457753617777882,-1.302374332340996
74,1954,-0.13,-0.11040000000000015,-0.02,-0.1038000000000001,-0.25,-0.13779999999999992,0.0,-0.23669999999999994,-0.28,-0.13779999999999992,-0.14,-0.16900000000000007,-0.82,-0.13779999999999992,-0.17,-0.13779999999999992,-0.21,-0.22229999999999997,0.8000000000000002,-0.13779999999999992,-0.045189510014374434,0.029332308928349704,-1.1049402646971807,-0.837283255975457,-1.1490121865061518,-1.019863840004831,-1.317900185038063,-1.2738282632290918,-0.7551150130987949,-1.3121061371067526
75,1955,-0.14,-0.14020000000000016,-0.09,-0.08410000000000005,-0.20000000000000004,-0.13779999999999992,0.23000000000000004,-0.24169999999999994,-0.38,-0.13779999999999992,-0.29,-0.16740000000000005,1.21,-0.13779999999999992,-0.16,-0.13779999999999992,-0.11,-0.22339999999999985,-0.23,-0.13779999999999992,-0.05071404204877794,0.025866032484582746,-1.1081186888573455,-0.8491111015040609,-1.153113750607769,-1.017972886370483,-1.3276348819163921,-1.282639820165972,-0.7680982722446217,-1.3218563531454244
76,1956,-0.19,-0.15179999999999996,-0.23,-0.0646,-0.16,-0.13779999999999992,-0.09,-0.23929999999999996,-0.37,-0.13779999999999992,-0.28,-0.1624,0.77,-0.13779999999999992,-0.13,-0.13779999999999992,-0.48000000000000004,-0.22469999999999987,0.01,-0.13779999999999992,-0.048817641938089906,0.03003525235127924,-1.1107367434961652,-0.8568890706461758,-1.1568727697701107,-1.015256750249094,-1.3373695787947213,-1.2912335525207723,-0.7783519433174639,-1.3315757198201474
77,1957,0.05,-0.03260000000000003,0.04,-0.03450000000000002,0.06,-0.13779999999999992,-0.11,-0.23609999999999992,0.1,-0.13779999999999992,0.06,-0.1634,0.49,-0.13779999999999992,-0.09,-0.13779999999999992,0.22,-0.21699999999999986,0.09000000000000001,-0.13779999999999992,-0.03773363278222064,0.04345097450805824,-1.1126583640600174,-0.859273157379679,-1.1602675798658204,-1.012380354889462,-1.3471042756730505,-1.299495059867251,-0.7849537554740991,-1.3412545847678494
78,1958,0.06,0.019500000000000003,0.15,-0.011799999999999995,-0.02,-0.13779999999999992,0.12,-0.23599999999999988,0.15,-0.13779999999999992,0.26,-0.1698,-0.53,-0.13779999999999992,-0.08,-0.13779999999999992,0.14,-0.20179999999999992,-0.17,-0.13779999999999992,-0.024742755121369697,0.05883088602278974,-1.1143795651474733,-0.8660959049939976,-1.1635244827534947,-1.0075635274274326,-1.3568389725513832,-1.3076940549453546,-0.7871489612525053,-1.3508776379574314
79,1959,0.03,-0.0017000000000000001,0.12,-0.006799999999999998,-0.06,-0.13379999999999992,0.04,-0.22819999999999985,0.08,-0.13779999999999992,0.07,-0.17409999999999998,-0.36,-0.13779999999999992,-0.03,-0.13779999999999992,0.18,-0.19009999999999994,0.49,-0.13779999999999992,-0.018623458333831167,0.06990360476096313,-1.1160058760853708,-0.8772791378502554,-1.1666310601648782,-1.0037817406656657,-1.3665736694297124,-1.3159484853502086,-0.7880969912862099,-1.3606595337260465
80,1960,-0.03,-0.008300000000000005,0.08,-0.0206,-0.13,-0.13219999999999993,0.11,-0.21209999999999993,-0.02,-0.13779999999999992,0.06,-0.17909999999999995,-0.75,-0.13779999999999992,-0.1,-0.13779999999999992,-0.07,-0.1569999999999999,0.34,-0.13779999999999992,-0.01879031329469072,0.07147002839183259,-1.1180721051240212,-0.8872175067729842,-1.1700199145014913,-1.0019712943965366,-1.3763083663080415,-1.3243605569305714,-0.7978770152832553,-1.370389254079516
81,1961,0.06,0.04409999999999999,0.08,-0.028899999999999995,0.03,-0.1335999999999999,0.18,-0.21459999999999993,0.0,-0.13779999999999992,-0.07,-0.16169999999999995,0.21,-0.13779999999999992,0.14,-0.13779999999999992,0.38,-0.14379999999999993,-0.16,-0.13779999999999992,-0.00040796005162846427,0.09197679071701259,-1.1208016713243367,-0.8835415375927553,-1.1741435483393978,-1.0003884660213451,-1.3860430631863707,-1.3327011861713096,-0.8021680455413538,-1.3800543496866347
82,1962,0.03,0.04729999999999996,0.13,-0.03949999999999998,-0.06,-0.1335999999999999,0.14,-0.21409999999999993,-0.05,-0.13779999999999992,-0.04,-0.1489999999999999,-0.65,-0.13779999999999992,0.09,-0.13779999999999992,0.31,-0.13989999999999994,0.44,-0.13779999999999992,0.006965020525584009,0.09841775417265097,-1.123797396266749,-0.8863731167870093,-1.177914552920548,-1.0004115491072945,-1.3957777600647034,-1.3416606034109009,-0.8123311676574971,-1.3897996924696479
83,1963,0.05,-0.00030000000000000344,0.14,-0.1018,-0.03,-0.13819999999999993,0.13,-0.1959,0.1,-0.13779999999999992,0.14,-0.1489999999999999,-0.03,-0.13779999999999992,-0.1,-0.13779999999999992,0.31,-0.13869999999999996,-0.16,-0.13779999999999992,0.008878962530765477,0.09803262489651132,-1.1264887249888282,-0.8939874398906582,-1.1817895961721376,-0.9999783256851416,-1.4055124569430326,-1.3502115857597232,-0.8249663720387517,-1.3995726083180422
84,1964,-0.2,-0.15539999999999982,-0.19,-0.09319999999999995,-0.20000000000000004,-0.14779999999999993,-0.12,-0.17949999999999988,-0.14,-0.13779999999999992,-0.14,-0.1489999999999999,-0.38,-0.13779999999999992,-0.3,-0.13779999999999992,-0.2,-0.13899999999999996,-0.66,-0.13779999999999992,0.009906653254386555,0.09817695166154294,-1.1298598072846744,-0.9017366098543853,-1.1859387543390092,-1.0001067991753878,-1.4152471538213618,-1.3591682067670305,-0.8363487187102479,-1.409372382062518
85,1965,-0.11,-0.12129999999999994,-0.14,-0.09599999999999995,-0.07,-0.15029999999999993,-0.12,-0.14299999999999996,0.02,-0.13779999999999992,-0.08,-0.1489999999999999,0.0,-0.13779999999999992,-0.23,-0.13779999999999992,-0.24000000000000002,-0.14019999999999994,-0.28,-0.13779999999999992,0.012561576193558466,0.0977704628724716,-1.1332847690818184,-0.9113050305723611,-1.1902518754431632,-1.002405888286809,-1.424981850699691,-1.3680147443383461,-0.844326333082563,-1.419137837284861
86,1966,-0.06,-0.0681999999999999,-0.02,-0.05999999999999997,-0.09000000000000001,-0.15009999999999993,0.09,-0.1407,-0.01,-0.13779999999999992,0.16,-0.1489999999999999,0.11,-0.13779999999999992,-0.24,-0.13779999999999992,-0.19,-0.13509999999999997,-0.7600000000000001,-0.13779999999999992,0.01297884755265244,0.09578105294194117,-1.1366081772107215,-0.922822431921567,-1.194892208758759,-1.0038534076449999,-1.4347165475780237,-1.3764325160299897,-0.8527263486981056,-1.428966401527461
87,1967,-0.02,-0.0438,0.03,-0.052499999999999984,-0.08,-0.15059999999999993,-0.05000000000000001,-0.14859999999999993,-0.17,-0.13779999999999992,-0.11,-0.1489999999999999,0.3,-0.13779999999999992,-0.09,-0.13779999999999992,0.27,-0.14029999999999995,0.36000000000000004,-0.13779999999999992,0.020770039321735823,0.10069735973541682,-1.139307807087519,-0.9281072470712992,-1.199361668991667,-1.0066314460177246,-1.4444512444563529,-1.384397382552205,-0.8593175694957793,-1.4386001110488351
88,1968,-0.08,-0.058500000000000024,-0.07,-0.025900000000000045,-0.09000000000000001,-0.15059999999999993,-0.08,-0.14019999999999994,-0.11,-0.13779999999999992,-0.02,-0.1489999999999999,-0.07,-0.13779999999999992,-0.14,-0.13779999999999992,-0.02,-0.15659999999999988,-0.33,-0.13779999999999992,0.018623087096113267,0.0986919274696767,-1.142992308798636,-0.9371811033189843,-1.204303185114707,-1.0086370686970874,-1.454185941334682,-1.392875065018611,-0.8695901409838278,-1.448457583534477
89,1969,0.05,0.008700000000000005,-0.03,-0.012999999999999994,0.14,-0.1489999999999999,-0.16999999999999998,-0.14639999999999992,0.32,-0.13779999999999992,0.35,-0.1489999999999999,-0.14,-0.13779999999999992,0.0,-0.13779999999999992,-0.61,-0.13049999999999998,-0.04,-0.13779999999999992,0.009696684816198342,0.08763494557169338,-1.146895226881341,-0.9525293222660274,-1.208786864704006,-1.0111797592573986,-1.4639206382130112,-1.4020290003903462,-0.8821332848848549,-1.458284602659056
90,1970,0.03,0.013400000000000018,-0.04,-0.02690000000000003,0.09000000000000001,-0.1489999999999999,-0.06,-0.15569999999999992,0.06,-0.13379999999999992,0.07,-0.1489999999999999,0.31,-0.13779999999999992,0.11,-0.13779999999999992,-0.13,-0.12260000000000001,-0.20000000000000004,-0.13779999999999992,-0.007878998269429616,0.06800698076456868,-1.1510525268892273,-0.9755510561078715,-1.2132816367072081,-1.0151982613317756,-1.473655335091344,-1.4114262252733631,-0.8941583634861878,-1.4680513435836247
91,1971,-0.08,-0.048200000000000055,-0.15,-0.023800000000000023,-0.02,-0.1489999999999999,-0.10000000000000002,-0.15199999999999997,-0.22,-0.13199999999999992,-0.3,-0.1489999999999999,0.44,-0.13779999999999992,0.03,-0.13779999999999992,0.01,-0.11470000000000004,-0.08,-0.13779999999999992,-0.005818019369250749,0.0686791973129317,-1.1553330885255235,-0.9819486030588145,-1.217752776595301,-1.0166324884124336,-1.4833900319696731,-1.4209703438998922,-0.9051719635875273,-1.4777378435373123
92,1972,0.01,-0.010999999999999994,-0.18,-0.016400000000000005,0.20000000000000004,-0.1489999999999999,-0.24,-0.16029999999999991,0.26,-0.13219999999999993,0.06,-0.1489999999999999,0.45,-0.13779999999999992,0.16,-0.13779999999999992,-0.47,-0.11650000000000006,-0.36999999999999994,-0.13779999999999992,-0.007297926830265311,0.06631547247780745,-1.1592436223801457,-0.9920504677123816,-1.222425262634836,-1.0176951919698602,-1.4931247288480023,-1.429943088593312,-0.9157693343640041,-1.4875437200199606
93,1973,0.16,-0.010199999999999997,0.09,-0.02740000000000001,0.23,-0.1489999999999999,0.02,-0.11340000000000007,0.3,-0.13299999999999992,0.07,-0.14639999999999992,0.34,-0.13779999999999992,0.21,-0.13779999999999992,0.27,-0.05480000000000003,0.06,-0.13779999999999992,-0.013403252715534109,0.059224872272039875,-1.164091106266362,-1.0052393157813242,-1.227521320771455,-1.020187992126253,-1.5028594257263315,-1.4394292112212383,-0.9265181680244154,-1.4974079289749618
94,1974,-0.07,-0.012500000000000006,-0.18,-0.017700000000000004,0.03,-0.1489999999999999,-0.18,-0.1539999999999999,-0.17,-0.1335999999999999,-0.23,-0.1519999999999999,0.65,-0.13779999999999992,0.21,-0.13779999999999992,-0.07,-0.05540000000000003,-0.19000000000000003,-0.13779999999999992,0.015027986707256247,0.08289262613890003,-1.1672068277200687,-0.9975202743789282,-1.231740257503695,-1.0219021193274074,-1.5125941226046642,-1.4480606928210378,-0.9284965031903951,-1.5069708447783583
95,1975,-0.01,-0.019100000000000013,-0.049999999999999996,-0.018000000000000013,0.02,-0.1489999999999999,-0.05000000000000001,-0.1599999999999999,-0.17,-0.1335999999999999,-0.31,-0.15389999999999993,0.29,-0.13779999999999992,0.13,-0.13779999999999992,0.39,-0.053800000000000014,0.10000000000000002,-0.13779999999999992,0.03922149310297485,0.10192613274776718,-1.1704728052628681,-0.9931625349556619,-1.2358766370851626,-1.022243773477328,-1.5223288194829934,-1.4569249876606918,-0.9330416399161372,-1.516612377352093
96,1976,-0.1,-0.03979999999999999,-0.21,0.027999999999999976,0.01,-0.1489999999999999,-0.28,-0.09960000000000006,-0.11,-0.13819999999999993,-0.13,-0.1710999999999999,-0.24,-0.13779999999999992,0.1,-0.13779999999999992,-0.32,-0.046999999999999986,-0.08,-0.13779999999999992,0.030674397841682577,0.09011234992503603,-1.1739484144931716,-1.0085260801101263,-1.2400212798372152,-1.024495127189553,-1.5320635163613225,-1.4659906510172824,-0.9465897988366869,-1.5264671930225617
97,1977,0.18,0.0349,0.12,0.12050000000000013,0.24,-0.1489999999999999,0.07,-0.0939000000000001,0.22,-0.14779999999999993,0.09,-0.17539999999999986,0.28,-0.13779999999999992,0.22,-0.13779999999999992,0.24000000000000002,-0.041599999999999984,0.16,-0.13779999999999992,0.03856006138306611,0.09570577589096274,-1.177539315518068,-1.0168845597785214,-1.2443384917212867,-1.026219159816538,-1.5417982132396517,-1.474999037036433,-0.9504575182329802,-1.5361276259999457
98,1978,0.07,0.16880000000000017,0.02,0.15710000000000013,0.11,-0.1403999999999999,-0.03,-0.0894000000000001,0.05,-0.14429999999999993,0.09999999999999999,-0.1732999999999999,0.04,-0.13179999999999992,0.21,-0.13179999999999992,0.04,-0.035199999999999974,-0.16,-0.13179999999999992,0.04447427409971638,0.0987444513935678,-1.1812752153655133,-1.0210609257833738,-1.248913225998411,-1.0295142493009415,-1.5515329101179844,-1.4838948994850831,-0.9594290807449823,-1.5458500231310914
99,1979,0.16,0.20320000000000019,0.08,0.16870000000000007,0.25,-0.13859999999999992,0.09,-0.08530000000000007,0.27,-0.14409999999999992,0.25,-0.20049999999999987,-0.2,-0.13179999999999992,0.29,-0.13179999999999992,0.07,-0.03829999999999998,-0.62,-0.13179999999999992,0.05175555887800343,0.10420769461469703,-1.1849576602479246,-1.025550283462895,-1.2528521949746931,-1.0333783869114157,-1.5612676069963136,-1.4933730722695415,-0.9650491500441198,-1.5556173059558134
100,1980,0.26,0.22300000000000014,0.17,0.17710000000000004,0.3499999999999999,-0.14869999999999992,0.03,-0.07720000000000006,0.29,-0.14409999999999992,0.32,-0.1961999999999999,0.59,-0.13179999999999992,0.35,-0.13179999999999992,0.02,-0.047700000000000006,0.25,-0.13179999999999992,0.08444548699099741,0.13255825268080557,-1.1875896847799332,-1.0127778704479127,-1.256058299622687,-1.0368618055760912,-1.5710023038746428,-1.502533689031882,-0.9653884957718333,-1.5654204871472892
101,1981,0.32,0.2892000000000002,0.37,0.18790000000000007,0.27,-0.1511999999999999,0.09,-0.07990000000000007,0.14,-0.13719999999999993,0.22,-0.1876999999999999,0.61,-0.12499999999999993,0.28,-0.12499999999999993,0.79,-0.02039999999999999,1.09,-0.12499999999999993,0.130433287502278,0.17910558937113308,-1.190062435116456,-0.9988737499299418,-1.2589942881836826,-1.0376151976290835,-1.580737000752972,-1.5118051476857453,-0.9517840300606366,-1.5748324352681173
102,1982,0.14,0.1983000000000002,0.049999999999999996,0.19690000000000007,0.23,-0.17319999999999994,-0.08,-0.06690000000000004,0.29,-0.13899999999999993,0.25,-0.17479999999999996,-0.11,-0.1267999999999999,0.18,-0.1267999999999999,0.1,-0.029099999999999984,-0.4000000000000001,-0.1267999999999999,0.16484225794859952,0.21114414564179285,-1.1931454549655207,-0.9873007128120719,-1.26237147858091,-1.0398067035106422,-1.5904716976313047,-1.5212456740159155,-0.948972806273062,-1.5841907246563451
103,1983,0.31,0.26689999999999986,0.25,0.1881,0.38000000000000006,-0.17749999999999996,-0.06,-0.05410000000000003,0.57,-0.13739999999999994,0.29,-0.16909999999999997,0.05,-0.1267999999999999,0.21,-0.1267999999999999,0.69,-0.03539999999999998,0.19000000000000003,-0.1267999999999999,0.19050391763000718,0.2354282370981089,-1.1941758095703285,-0.9828707933515233,-1.2650793026455887,-1.039675510240258,-1.6002063945096339,-1.5293029014343738,-0.9488375650852667,-1.5938070777537447
104,1984,0.16,0.191,0.04,0.20279999999999995,0.27,-0.1992999999999999,-0.13,-0.0479,0.29,-0.13739999999999994,0.07,-0.17810000000000004,0.51,-0.1267999999999999,0.16,-0.1267999999999999,0.08,-0.03679999999999998,0.36000000000000004,-0.1267999999999999,0.1986701378497635,0.24401998157020088,-1.1950800097651673,-0.9929429626247099,-1.2659195562002417,-1.0390604095172407,-1.609941091387963,-1.5391015449528922,-0.9502702111914374,-1.603529709260286
105,1985,0.12,0.14849999999999977,0.0,0.24790000000000004,0.23,-0.1809999999999999,-0.01,0.002399999999999997,0.13,-0.13739999999999994,0.04,-0.18819999999999998,0.04,-0.1267999999999999,0.29,-0.1267999999999999,-0.26,-0.06020000000000005,0.38000000000000006,-0.1267999999999999,0.20588669600556386,0.24500265741799865,-1.1969369965132337,-0.9934001451429886,-1.2686865755170835,-1.0405698558619285,-1.6196757882662922,-1.5479262092624424,-0.9665836755220667,-1.6134710308538942
106,1986,0.18,0.1943999999999999,0.13,0.2856000000000001,0.23,-0.18389999999999992,0.04,0.017400000000000013,0.27,-0.13329999999999992,0.17,-0.1924,-0.1,-0.12269999999999992,0.25,-0.12269999999999992,0.28,-0.056200000000000035,0.0,-0.12269999999999992,0.22787329671093204,0.26717906230893007,-1.197338976033425,-0.9924251056036475,-1.2698536990499925,-1.0406924813741334,-1.629410485144625,-1.556895762128061,-0.9646613045686223,-1.6232735015785416
107,1987,0.32,0.28590000000000015,0.25,0.29400000000000004,0.4000000000000001,-0.15729999999999994,0.13,0.027000000000000007,0.62,-0.12299999999999996,0.54,-0.18609999999999996,0.01,-0.11239999999999993,0.32,-0.11019999999999992,0.13,-0.047100000000000024,-0.36999999999999994,-0.11239999999999993,0.2376944200814357,0.28129219487605894,-1.1991651442593394,-0.9981955189415679,-1.2720161924222317,-1.0414027099539105,-1.6391453381023844,-1.5662939777806315,-0.9634442308667772,-1.6331008914305443
108,1988,0.39,0.35150000000000026,0.37,0.3265999999999996,0.4000000000000001,-0.14639999999999995,0.24,0.03329999999999999,0.42,-0.11939999999999994,0.32,-0.17649999999999996,0.88,-0.10879999999999992,0.38,-0.10499999999999993,0.57,-0.045599999999999995,0.6,-0.10879999999999992,0.24064044340990876,0.28138414233306364,-1.20211186614209,-1.0122640012209558,-1.2749155710522864,-1.0437427633596172,-1.6488801569279268,-1.5760758959644363,-0.9666744859862888,-1.6425742438039208
109,1989,0.27,0.2989999999999999,0.27,0.3261999999999996,0.27,-0.14829999999999996,0.26,0.03149999999999998,0.19,-0.11989999999999995,0.06,-0.1629,0.33,-0.10929999999999992,0.36,-0.10829999999999992,0.69,-0.044399999999999995,0.32,-0.10929999999999992,0.2636350777098002,0.30511395885955395,-1.2035555385454586,-1.0137214104669887,-1.2769842041565198,-1.0451442993963056,-1.6586148623596202,-1.5851856235885435,-0.9596110773656008,-1.6522529812503777
110,1990,0.45,0.2995999999999997,0.53,0.3536999999999996,0.36999999999999994,-0.15469999999999998,0.49,0.029599999999999987,0.36,-0.11989999999999995,0.37,-0.1636,0.35,-0.10929999999999992,0.37,-0.10989999999999993,0.88,-0.04940000000000001,0.58,-0.10929999999999992,0.28425319628750145,0.3182377997640735,-1.2060038993022673,-1.0099226352460278,-1.281003530868471,-1.046579296638324,-1.668349723870751,-1.593349189878932,-0.9682137101757462,-1.6620943761496747
111,1991,0.4,0.3590999999999994,0.4099999999999999,0.3599999999999996,0.4000000000000001,-0.15869999999999998,0.27,-0.0012000000000000034,0.4,-0.11919999999999994,0.32,-0.16290000000000002,0.96,-0.10859999999999992,0.31,-0.12169999999999993,0.66,-0.04069999999999999,0.75,-0.10859999999999992,0.30062800810569,0.3373776336788552,-1.2093175676639767,-1.0262634993828463,-1.2848464803473476,-1.0484323124941284,-1.678084590269517,-1.6025544361196609,-0.9504866897306172,-1.6716917733223795
112,1992,0.22,0.2691999999999997,0.14,0.34679999999999966,0.3,-0.16629999999999992,-0.03,-0.0048000000000000004,0.36,-0.11879999999999993,0.19,-0.1622,0.4,-0.10819999999999991,0.2,-0.12799999999999995,0.44,-0.03589999999999999,-0.17,-0.10819999999999991,0.35930102658343444,0.40970377558880955,-1.210484646569487,-1.0136346759100334,-1.2877967251756317,-1.0492990109127547,-1.6878193054764878,-1.6105059487465745,-0.9094892269200017,-1.6813293099122149
113,1993,0.23,0.2755999999999997,0.19,0.3550999999999997,0.27,-0.16259999999999997,-0.10000000000000002,-0.005999999999999993,0.35,-0.11879999999999993,0.28,-0.16269999999999998,-0.3,-0.10819999999999991,0.26,-0.12799999999999995,0.3,-0.0772000000000001,0.54,-0.10819999999999991,0.38422591038438014,0.43472228043148675,-1.213699515456117,-1.0198578298581147,-1.291531426275288,-1.0518612636524658,-1.6975540194615526,-1.619720796305149,-0.8951550325766675,-1.6910636833600705
114,1994,0.31,0.33829999999999955,0.37,0.37369999999999964,0.26,-0.17729999999999993,0.43,-0.005099999999999996,0.33,-0.12799999999999995,0.27,-0.17309999999999998,-0.04,-0.10819999999999991,0.26,-0.12829999999999994,0.5,-0.0823000000000001,0.34,-0.10819999999999991,0.4107088282640845,0.4653354112889616,-1.213399859256235,-1.0271775119074178,-1.2914519535478952,-1.054637101421303,-1.707288734668527,-1.62923529138234,-0.8737908957913838,-1.7009232601047337
115,1995,0.44,0.39729999999999976,0.58,0.39889999999999964,0.31,-0.17199999999999996,0.33,-0.0030999999999999943,0.44,-0.11789999999999994,0.39999999999999997,-0.17800000000000002,0.16,-0.10819999999999991,0.29,-0.12659999999999993,0.99,-0.08170000000000009,1.31,-0.10819999999999991,0.42745841876564583,0.47967546141671846,-1.2147345814264376,-1.0326127822801503,-1.2928664140554496,-1.0554784851989574,-1.7170230206570665,-1.6388906608131073,-0.8728455363560066,-1.7104560058969511
116,1996,0.33,0.37929999999999936,0.26,0.44709999999999944,0.4000000000000001,-0.16869999999999993,0.11,0.005300000000000002,0.32,-0.11769999999999994,0.3,-0.1647,1.35,-0.10819999999999991,0.33,-0.12239999999999993,0.17,-0.07570000000000009,0.77,-0.10819999999999991,0.4369867564450729,0.4891259721968986,-1.2165148581656453,-1.038752911003975,-1.2955214030736535,-1.058248293898778,-1.7267577212011247,-1.6477506417467147,-0.8738054204805898,-1.7203397642035299
117,1997,0.46,0.47589999999999955,0.52,0.4406999999999996,0.41,-0.18059999999999996,0.23000000000000004,6.245004513516506e-18,0.52,-0.12689999999999996,0.5,-0.1438,0.02,-0.10819999999999991,0.42,-0.12179999999999992,0.9,-0.08210000000000008,0.7600000000000001,-0.10819999999999991,0.4719409868591491,0.5197754443407199,-1.213636239395342,-1.0335054313839613,-1.2925746234444233,-1.061983930634792,-1.7364924229670926,-1.657553494596339,-0.8642703213394043,-1.7299413247198743
118,1998,0.61,0.5326999999999995,0.71,0.45889999999999964,0.51,-0.16299999999999998,0.66,-0.009800000000000001,0.78,-0.13279999999999997,0.59,-0.13610000000000003,0.11,-0.10519999999999992,0.39,-0.11959999999999994,0.94,-0.07560000000000007,0.86,-0.10519999999999992,0.5106171304144702,0.5543993577033888,-1.2097744765397707,-1.0178758064136382,-1.2902292604699426,-1.062592561675931,-1.746227124733064,-1.6657717867059354,-0.8643448160124763,-1.73946800124833
119,1999,0.38,0.49019999999999997,0.48,0.4675999999999998,0.28,-0.15739999999999998,0.75,0.003000000000000003,0.25,-0.13249999999999998,0.15,-0.13550000000000004,-0.01,-0.10519999999999992,0.46,-0.12129999999999994,0.8,-0.07640000000000007,0.4000000000000001,-0.10519999999999992,0.5286444424036425,0.5674616556080174,-1.209466757920925,-1.026120394207389,-1.2907729721495897,-1.0617687130714302,-1.7559618252771187,-1.6746550496200427,-0.8634279664102422,-1.7491059043916621
120,2000,0.39,0.46020000000000033,0.5,0.4734999999999999,0.28,-0.16639999999999996,0.56,0.009000000000000003,0.28,-0.12679999999999997,0.19999999999999998,-0.1349,0.26,-0.10519999999999992,0.41,-0.12109999999999994,0.8,-0.07630000000000006,0.96,-0.10519999999999992,0.5396553967833846,0.5710507643133944,-1.2075133086202818,-1.037336408791841,-1.2906278963760158,-1.063109804559879,-1.7656965270430867,-1.6825813680836674,-0.8668969385765308,-1.7586948080820832
121,2001,0.53,0.5166000000000005,0.64,0.48059999999999997,0.43,-0.17209999999999998,0.6900000000000001,0.014100000000000001,0.44,-0.12199999999999996,0.39,-0.1346,0.25,-0.10519999999999992,0.58,-0.12069999999999995,0.86,-0.07630000000000006,1.06,-0.10519999999999992,0.5687758250909241,0.591789842756512,-1.207337630139154,-1.0284122023240378,-1.2923219680666875,-1.0625533974516053,-1.7754312288090546,-1.6904463099025584,-0.8749967638238054,-1.768540608602759
122,2002,0.63,0.5907000000000008,0.71,0.533,0.54,-0.17509999999999995,0.59,0.022500000000000006,0.63,-0.13839999999999994,0.54,-0.13289999999999996,0.76,-0.10179999999999993,0.49,-0.11509999999999992,1.0,-0.07160000000000007,1.25,-0.10179999999999993,0.584520581692157,0.5974876587519908,-1.2041765978356445,-1.039057029787024,-1.2913634052205438,-1.0643038154196702,-1.7851659293531164,-1.6979785336577962,-0.8763715193926807,-1.778276882242345
123,2003,0.62,0.6086999999999996,0.75,0.5543999999999999,0.49,-0.19849999999999995,0.55,0.02309999999999998,0.66,-0.13789999999999994,0.61,-0.12410000000000004,0.38,-0.10179999999999993,0.44,-0.13369999999999993,0.9799999999999999,-0.07260000000000008,1.49,-0.10179999999999993,0.5716695845251962,0.5800004209600367,-1.2019102865474025,-1.0653562372437015,-1.2889416737470007,-1.065393649013476,-1.7949006311190843,-1.7078686458337842,-0.8857569862548615,-1.7881937027566366
124,2004,0.53,0.6261999999999994,0.66,0.5766,0.41,-0.19009999999999994,0.6700000000000002,0.03349999999999997,0.53,-0.1411999999999999,0.56,-0.13890000000000002,-0.05,-0.10179999999999993,0.48,-0.13459999999999994,0.95,-0.07330000000000007,0.46,-0.10179999999999993,0.574482105677987,0.5812306824607525,-1.202914146951617,-1.0790952519467183,-1.28907501210249,-1.066407488090487,-1.8046354499446267,-1.7184737428136323,-0.8894818947839944,-1.7976897695817406
125,2005,0.68,0.6365000000000001,0.8600000000000001,0.5786,0.5,-0.17069999999999994,0.58,0.04509999999999997,0.62,-0.13909999999999992,0.62,-0.13829999999999998,0.65,-0.10179999999999993,0.49,-0.13229999999999995,1.23,-0.07680000000000009,1.9799999999999998,-0.10179999999999993,0.5771573722902019,0.5759924245013046,-1.2006056491070964,-1.0990512838289277,-1.2896687046218673,-1.068966427091052,-1.8143701565982298,-1.7253062395527863,-0.8922186679331361,-1.8068803741442565
126,2006,0.64,0.6364,0.8199999999999998,0.5924999999999998,0.46,-0.16989999999999994,0.71,0.0722,0.54,-0.15189999999999995,0.56,-0.13069999999999998,0.43,-0.10179999999999993,0.51,-0.13049999999999995,1.06,-0.0755000000000001,1.7299999999999998,-0.10179999999999993,0.5804317231292764,0.5718960531255171,-1.1998335408256757,-1.1102938733214671,-1.2890235521203444,-1.0718068197822923,-1.8241048620299303,-1.73491397209785,-0.9013720208348595,-1.8169445010695497
127,2007,0.66,0.6461999999999988,0.85,0.6127999999999997,0.47,-0.18439999999999998,0.6999999999999998,0.13550000000000012,0.47,-0.14339999999999992,0.44,-0.1293,1.22,-0.10159999999999991,0.5,-0.12499999999999993,1.32,-0.08000000000000006,2.08,-0.10159999999999991,0.5872853002278724,0.5775463906477292,-1.2027364074685458,-1.1218057135339201,-1.2928182556736907,-1.0727689285891913,-1.8338397235410575,-1.743756667432912,-0.9028684457909435,-1.826527880206882
128,2008,0.54,0.5866999999999992,0.68,0.6269999999999996,0.4000000000000001,-0.18989999999999999,0.63,0.12080000000000007,0.41,-0.1451999999999999,0.33,-0.13969999999999996,0.6,-0.10159999999999991,0.52,-0.12499999999999993,1.08,-0.07550000000000008,1.51,-0.10159999999999991,0.6087055879396139,0.592493449319921,-1.2031113947943126,-1.123374320601286,-1.2936537996283342,-1.0744268840985285,-1.8435738164678845,-1.7530314116338594,-0.9045512735315633,-1.8358755218523548
129,2009,0.65,0.6282999999999992,0.72,0.6397999999999996,0.59,-0.18979999999999997,0.6900000000000001,0.12600000000000008,0.7,-0.14989999999999992,0.64,-0.1438999999999999,0.96,-0.10159999999999991,0.6,-0.12499999999999993,0.6,-0.07600000000000007,1.41,-0.10159999999999991,0.6717156972704963,0.6508404675809345,-1.2013754882434817,-1.1044717874638366,-1.2954892598870558,-1.0730854248834376,-1.8533085133462137,-1.7591947417026397,-0.8861131614344693,-1.8454146986759632
130,2010,0.72,0.6920999999999994,0.9,0.6522999999999993,0.55,-0.19369999999999998,0.75,0.13000000000000003,0.64,-0.1663999999999999,0.71,-0.12389999999999994,0.54,-0.09759999999999995,0.63,-0.12089999999999995,0.87,-0.06760000000000006,2.23,-0.09759999999999995,0.6478808061401224,0.6192466306574325,-1.2040389809486562,-1.1366569207130546,-1.3018013003050406,-1.077811069908364,-1.8630432102245464,-1.7652808908681656,-0.9000614668977533,-1.8553535424970313
131,2011,0.61,0.7082999999999998,0.74,0.6711999999999994,0.47,-0.1932,0.59,0.16450000000000006,0.35,-0.15639999999999993,0.38,-0.1066999999999999,1.1,-0.09759999999999995,0.64,-0.12059999999999993,0.94,-0.05880000000000006,2.33,-0.09759999999999995,0.6507955561052832,0.6172249032260666,-1.2064713014828854,-1.1577291764816913,-1.3061829056829488,-1.0763591185822854,-1.8727779071028756,-1.7730663029028086,-0.9023056362594097,-1.864714886759181
132,2012,0.65,0.7177000000000002,0.81,0.6938999999999999,0.48,-0.1895,0.75,0.17970000000000008,0.57,-0.15899999999999992,0.47,-0.1032999999999999,0.44,-0.09799999999999993,0.56,-0.12099999999999994,0.9300000000000002,-0.057500000000000044,2.17,-0.09799999999999993,0.6782162426072524,0.6405241046382706,-1.208083558460217,-1.1515627770756751,-1.3098768026553564,-1.0773397839085739,-1.8825126039812048,-1.7807193597860689,-0.9039587566945251,-1.8741523896265662
133,2013,0.68,0.7308000000000002,0.7999999999999999,0.7007000000000001,0.55,-0.1866,0.71,0.1860000000000001,0.57,-0.15899999999999992,0.58,-0.09409999999999993,0.87,-0.09799999999999993,0.62,-0.12099999999999994,1.04,-0.06250000000000006,1.55,-0.09799999999999993,0.7121954214452728,0.669992527338426,-1.2074597593699679,-1.1428843856439563,-1.3116457142100444,-1.0789545037561759,-1.892247300859534,-1.7880613460194574,-0.9010948825653919,-1.8838156032746483
134,2014,0.75,0.7626999999999999,0.92,0.7492000000000003,0.57,-0.18510000000000001,0.74,0.19380000000000008,0.64,-0.15849999999999995,0.68,-0.09259999999999995,0.55,-0.09799999999999993,0.72,-0.12139999999999994,1.14,-0.05770000000000003,2.04,-0.09799999999999993,0.7498249927795122,0.7029574422118188,-1.208270848810379,-1.1342997745553127,-1.3142445168109695,-1.0798346165800474,-1.9019819977378667,-1.7960083297372798,-0.895548527234368,-1.8933056326320497
135,2015,0.9,0.8849000000000007,1.18,0.8836000000000006,0.63,-0.18099999999999997,1.01,0.19050000000000014,0.93,-0.17429999999999993,0.97,-0.08280000000000001,-0.3,-0.09509999999999995,0.75,-0.12219999999999995,1.48,-0.04920000000000003,2.01,-0.09509999999999995,0.7971205118726346,0.7444335704170193,-1.2065177437845769,-1.1134014260538407,-1.314600411533334,-1.079490559517815,-1.9117166946161959,-1.8036340268674422,-0.894996456329352,-1.9028280715305534
136,2016,1.02,0.9677,1.31,0.8921000000000003,0.73,-0.17779999999999993,1.09,0.19030000000000016,1.06,-0.15449999999999997,0.9500000000000001,-0.08310000000000002,0.39,-0.09509999999999995,0.67,-0.12429999999999994,1.44,-0.050800000000000047,3.25,-0.09509999999999995,0.841487062497972,0.7846549823296591,-1.206521644683555,-1.0932729789520685,-1.3157344178937436,-1.0782710745643627,-1.921451391494525,-1.8122386182843364,-0.8955716405424248,-1.9125834980950565
137,2017,0.92,0.9115000000000005,1.18,0.9077000000000003,0.67,-0.17759999999999995,1.05,0.20070000000000016,0.77,-0.15399999999999994,0.8600000000000001,-0.0863,0.55,-0.09509999999999995,0.76,-0.12739999999999993,1.38,-0.04940000000000003,2.52,-0.09509999999999995,0.8654157393774433,0.8057420427111204,-1.2074946152424886,-1.0923857870920912,-1.3189001086669698,-1.074296925406113,-1.9311860883728542,-1.8197805949483694,-0.8990030144798205,-1.9221304954294247
138,2018,0.85,0.8769,1.04,0.8735000000000003,0.66,-0.17339999999999997,1.07,0.25800000000000006,0.62,-0.15229999999999996,0.72,-0.0839,0.96,-0.09509999999999995,0.79,-0.12939999999999993,1.09,-0.044500000000000026,2.16,-0.09509999999999995,0.8824530146385641,0.8190810097531518,-1.2096125341014172,-1.0936579727467723,-1.322912280342809,-1.0759329344932027,-1.940920785251187,-1.8276210390098022,-0.9022811957603807,-1.9318092430000497
139,2019,0.98,0.9506000000000001,1.21,0.8797000000000004,0.75,-0.17779999999999993,1.0,0.29549999999999993,0.89,-0.15229999999999996,0.9,-0.08510000000000001,0.84,-0.09509999999999995,0.74,-0.13119999999999993,1.43,-0.04430000000000001,2.74,-0.09509999999999995,0.9178249370792386,0.8505374042207627,-1.2122784757312957,-1.0856599438157097,-1.3257748613345974,-1.076968604492297,-1.9506554821295161,-1.8371590965262072,-0.8974775951792857,-1.9413228986804931
140,2020,1.01,0.9889000000000004,1.35,0.9082000000000003,0.68,-0.18689999999999987,1.2,0.20770000000000013,0.83,-0.14849999999999994,0.88,-0.08220000000000002,0.88,-0.09509999999999995,0.58,-0.1330999999999999,1.82,-0.04490000000000002,2.89,-0.09509999999999995,1.0358837209569103,0.9490625513122097,-1.2065010587623313,-1.037487381737062,-1.3242962993084255,-1.0618183173566074,-1.9603901790078453,-1.8425949384617546,-0.8820201944105897,-1.95078209220706
141,2021,0.85,0.8726999999999996,1.15,0.8754000000000001,0.55,-0.18359999999999996,1.28,0.3354,0.58,-0.14849999999999994,0.72,-0.060100000000000015,0.3,-0.09509999999999995,0.72,-0.13119999999999993,1.36,-0.044700000000000024,2.07,-0.09509999999999995,1.0113116890622074,0.9229245580762431,-1.21109331739666,-1.0618920500879376,-1.3297258799538767,-1.0695019872785672,-1.9701248758861745,-1.8514923133289543,-0.8956186972124591,-1.96043733500332
142,2022,0.89,0.9026000000000005,1.16,0.8847999999999999,0.62,-0.17539999999999992,1.28,0.3416,0.5,-0.14659999999999995,0.62,-0.036399999999999995,,,0.78,-0.1328999999999999,1.51,-0.038099999999999995,2.34,-0.09509999999999995,1.041844530038766,0.9616622572912839,-1.215163985884253,-1.048725448879793,-1.3358080536806831,-1.0713684829152186,,-1.8592155049680805,-0.8878138422966018,-1.9700086869106244
